file_path,stem,sub_dir_name,rel_file_path,sub_dir_index,data
O:\OneDrive - nagaokaut.ac.jp\01_Research\05_Papers\21_202406_S&F_Golbasi\01_dataset\01_microtremor\202310\A\NMEA20231018000628.200.log,NMEA20231018000628.200,A,A\NMEA20231018000628.200.log,0,<cv374.log.LogHandler object at 0x0000019D8F8873B0>
O:\OneDrive - nagaokaut.ac.jp\01_Research\05_Papers\21_202406_S&F_Golbasi\01_dataset\01_microtremor\202310\A\NMEA20231018170146.200.log,NMEA20231018170146.200,A,A\NMEA20231018170146.200.log,0,<cv374.log.LogHandler object at 0x0000019D8F645730>
O:\OneDrive - nagaokaut.ac.jp\01_Research\05_Papers\21_202406_S&F_Golbasi\01_dataset\01_microtremor\202310\A\NMEA20231018173925.200.log,NMEA20231018173925.200,A,A\NMEA20231018173925.200.log,0,<cv374.log.LogHandler object at 0x0000019D8F4BE4B0>
O:\OneDrive - nagaokaut.ac.jp\01_Research\05_Papers\21_202406_S&F_Golbasi\01_dataset\01_microtremor\202310\A\NMEA20231018181450.200.log,NMEA20231018181450.200,A,A\NMEA20231018181450.200.log,0,<cv374.log.LogHandler object at 0x0000019D8FBE2690>
O:\OneDrive - nagaokaut.ac.jp\01_Research\05_Papers\21_202406_S&F_Golbasi\01_dataset\01_microtremor\202310\A\NMEA20231018202448.200.log,NMEA20231018202448.200,A,A\NMEA20231018202448.200.log,0,<cv374.log.LogHandler object at 0x0000019D8FC36720>
O:\OneDrive - nagaokaut.ac.jp\01_Research\05_Papers\21_202406_S&F_Golbasi\01_dataset\01_microtremor\202310\A\NMEA20231018211340.200.log,NMEA20231018211340.200,A,A\NMEA20231018211340.200.log,0,<cv374.log.LogHandler object at 0x0000019D8F860A10>
O:\OneDrive - nagaokaut.ac.jp\01_Research\05_Papers\21_202406_S&F_Golbasi\01_dataset\01_microtremor\202310\A\NMEA20231018214711.200.log,NMEA20231018214711.200,A,A\NMEA20231018214711.200.log,0,<cv374.log.LogHandler object at 0x0000019D8F912EA0>
O:\OneDrive - nagaokaut.ac.jp\01_Research\05_Papers\21_202406_S&F_Golbasi\01_dataset\01_microtremor\202310\A\NMEA20231018222358.200.log,NMEA20231018222358.200,A,A\NMEA20231018222358.200.log,0,<cv374.log.LogHandler object at 0x0000019D8F9F84D0>
O:\OneDrive - nagaokaut.ac.jp\01_Research\05_Papers\21_202406_S&F_Golbasi\01_dataset\01_microtremor\202310\A\NMEA20231019172910.200.log,NMEA20231019172910.200,A,A\NMEA20231019172910.200.log,0,<cv374.log.LogHandler object at 0x0000019D8F80FCE0>
O:\OneDrive - nagaokaut.ac.jp\01_Research\05_Papers\21_202406_S&F_Golbasi\01_dataset\01_microtremor\202310\A\NMEA20231019203302.200.log,NMEA20231019203302.200,A,A\NMEA20231019203302.200.log,0,<cv374.log.LogHandler object at 0x0000019D8F7C7EF0>
O:\OneDrive - nagaokaut.ac.jp\01_Research\05_Papers\21_202406_S&F_Golbasi\01_dataset\01_microtremor\202310\A\NMEA20231019211259.200.log,NMEA20231019211259.200,A,A\NMEA20231019211259.200.log,0,<cv374.log.LogHandler object at 0x0000019D8FC6E7E0>
O:\OneDrive - nagaokaut.ac.jp\01_Research\05_Papers\21_202406_S&F_Golbasi\01_dataset\01_microtremor\202310\A\NMEA20231019214726.200.log,NMEA20231019214726.200,A,A\NMEA20231019214726.200.log,0,<cv374.log.LogHandler object at 0x0000019D8FC28DD0>
O:\OneDrive - nagaokaut.ac.jp\01_Research\05_Papers\21_202406_S&F_Golbasi\01_dataset\01_microtremor\202310\A\NMEA20231019221949.200.log,NMEA20231019221949.200,A,A\NMEA20231019221949.200.log,0,<cv374.log.LogHandler object at 0x0000019D8FCD7CB0>
O:\OneDrive - nagaokaut.ac.jp\01_Research\05_Papers\21_202406_S&F_Golbasi\01_dataset\01_microtremor\202310\A\NMEA20231020164106.200.log,NMEA20231020164106.200,A,A\NMEA20231020164106.200.log,0,<cv374.log.LogHandler object at 0x0000019D8FC58290>
O:\OneDrive - nagaokaut.ac.jp\01_Research\05_Papers\21_202406_S&F_Golbasi\01_dataset\01_microtremor\202310\A\NMEA20231020171908.200.log,NMEA20231020171908.200,A,A\NMEA20231020171908.200.log,0,<cv374.log.LogHandler object at 0x0000019D8FD695B0>
O:\OneDrive - nagaokaut.ac.jp\01_Research\05_Papers\21_202406_S&F_Golbasi\01_dataset\01_microtremor\202310\A\NMEA20231020175729.200.log,NMEA20231020175729.200,A,A\NMEA20231020175729.200.log,0,<cv374.log.LogHandler object at 0x0000019D8FDE9CD0>
O:\OneDrive - nagaokaut.ac.jp\01_Research\05_Papers\21_202406_S&F_Golbasi\01_dataset\01_microtremor\202310\A\NMEA20231020203647.200.log,NMEA20231020203647.200,A,A\NMEA20231020203647.200.log,0,<cv374.log.LogHandler object at 0x0000019D8FD63650>
O:\OneDrive - nagaokaut.ac.jp\01_Research\05_Papers\21_202406_S&F_Golbasi\01_dataset\01_microtremor\202310\A\NMEA20231020212411.200.log,NMEA20231020212411.200,A,A\NMEA20231020212411.200.log,0,<cv374.log.LogHandler object at 0x0000019D8FED3DD0>
O:\OneDrive - nagaokaut.ac.jp\01_Research\05_Papers\21_202406_S&F_Golbasi\01_dataset\01_microtremor\202310\A\NMEA20231020215911.200.log,NMEA20231020215911.200,A,A\NMEA20231020215911.200.log,0,<cv374.log.LogHandler object at 0x0000019D8FFD2720>
O:\OneDrive - nagaokaut.ac.jp\01_Research\05_Papers\21_202406_S&F_Golbasi\01_dataset\01_microtremor\202310\A\NMEA20231020225240.200.log,NMEA20231020225240.200,A,A\NMEA20231020225240.200.log,0,<cv374.log.LogHandler object at 0x0000019D8FF88CE0>
O:\OneDrive - nagaokaut.ac.jp\01_Research\05_Papers\21_202406_S&F_Golbasi\01_dataset\01_microtremor\202310\A\NMEA20231020233517.200.log,NMEA20231020233517.200,A,A\NMEA20231020233517.200.log,0,<cv374.log.LogHandler object at 0x0000019D9015CA40>
O:\OneDrive - nagaokaut.ac.jp\01_Research\05_Papers\21_202406_S&F_Golbasi\01_dataset\01_microtremor\202310\B\NMEA20231018000703.201.log,NMEA20231018000703.201,B,B\NMEA20231018000703.201.log,1,<cv374.log.LogHandler object at 0x0000019D8FF8DCA0>
O:\OneDrive - nagaokaut.ac.jp\01_Research\05_Papers\21_202406_S&F_Golbasi\01_dataset\01_microtremor\202310\B\NMEA20231018164731.201.log,NMEA20231018164731.201,B,B\NMEA20231018164731.201.log,1,<cv374.log.LogHandler object at 0x0000019D900EF7A0>
O:\OneDrive - nagaokaut.ac.jp\01_Research\05_Papers\21_202406_S&F_Golbasi\01_dataset\01_microtremor\202310\B\NMEA20231018174215.201.log,NMEA20231018174215.201,B,B\NMEA20231018174215.201.log,1,<cv374.log.LogHandler object at 0x0000019D9027EAE0>
O:\OneDrive - nagaokaut.ac.jp\01_Research\05_Papers\21_202406_S&F_Golbasi\01_dataset\01_microtremor\202310\B\NMEA20231018182336.201.log,NMEA20231018182336.201,B,B\NMEA20231018182336.201.log,1,<cv374.log.LogHandler object at 0x0000019D90186AB0>
O:\OneDrive - nagaokaut.ac.jp\01_Research\05_Papers\21_202406_S&F_Golbasi\01_dataset\01_microtremor\202310\B\NMEA20231018201901.201.log,NMEA20231018201901.201,B,B\NMEA20231018201901.201.log,1,<cv374.log.LogHandler object at 0x0000019D90222570>
O:\OneDrive - nagaokaut.ac.jp\01_Research\05_Papers\21_202406_S&F_Golbasi\01_dataset\01_microtremor\202310\B\NMEA20231018205207.201.log,NMEA20231018205207.201,B,B\NMEA20231018205207.201.log,1,<cv374.log.LogHandler object at 0x0000019D9037E360>
O:\OneDrive - nagaokaut.ac.jp\01_Research\05_Papers\21_202406_S&F_Golbasi\01_dataset\01_microtremor\202310\B\NMEA20231018212743.201.log,NMEA20231018212743.201,B,B\NMEA20231018212743.201.log,1,<cv374.log.LogHandler object at 0x0000019D903E4710>
O:\OneDrive - nagaokaut.ac.jp\01_Research\05_Papers\21_202406_S&F_Golbasi\01_dataset\01_microtremor\202310\B\NMEA20231018220215.201.log,NMEA20231018220215.201,B,B\NMEA20231018220215.201.log,1,<cv374.log.LogHandler object at 0x0000019D905AF050>
O:\OneDrive - nagaokaut.ac.jp\01_Research\05_Papers\21_202406_S&F_Golbasi\01_dataset\01_microtremor\202310\B\NMEA20231018223313.201.log,NMEA20231018223313.201,B,B\NMEA20231018223313.201.log,1,<cv374.log.LogHandler object at 0x0000019D906F9E50>
O:\OneDrive - nagaokaut.ac.jp\01_Research\05_Papers\21_202406_S&F_Golbasi\01_dataset\01_microtremor\202310\B\NMEA20231019171545.201.log,NMEA20231019171545.201,B,B\NMEA20231019171545.201.log,1,<cv374.log.LogHandler object at 0x0000019D900C7080>
O:\OneDrive - nagaokaut.ac.jp\01_Research\05_Papers\21_202406_S&F_Golbasi\01_dataset\01_microtremor\202310\B\NMEA20231019174639.201.log,NMEA20231019174639.201,B,B\NMEA20231019174639.201.log,1,<cv374.log.LogHandler object at 0x0000019D906F35F0>
O:\OneDrive - nagaokaut.ac.jp\01_Research\05_Papers\21_202406_S&F_Golbasi\01_dataset\01_microtremor\202310\B\NMEA20231019181711.201.log,NMEA20231019181711.201,B,B\NMEA20231019181711.201.log,1,<cv374.log.LogHandler object at 0x0000019D90690D10>
O:\OneDrive - nagaokaut.ac.jp\01_Research\05_Papers\21_202406_S&F_Golbasi\01_dataset\01_microtremor\202310\B\NMEA20231019194001.201.log,NMEA20231019194001.201,B,B\NMEA20231019194001.201.log,1,<cv374.log.LogHandler object at 0x0000019D90102600>
O:\OneDrive - nagaokaut.ac.jp\01_Research\05_Papers\21_202406_S&F_Golbasi\01_dataset\01_microtremor\202310\B\NMEA20231019200909.201.log,NMEA20231019200909.201,B,B\NMEA20231019200909.201.log,1,<cv374.log.LogHandler object at 0x0000019D907D3680>
O:\OneDrive - nagaokaut.ac.jp\01_Research\05_Papers\21_202406_S&F_Golbasi\01_dataset\01_microtremor\202310\B\NMEA20231019203737.201.log,NMEA20231019203737.201,B,B\NMEA20231019203737.201.log,1,<cv374.log.LogHandler object at 0x0000019D9086D040>
O:\OneDrive - nagaokaut.ac.jp\01_Research\05_Papers\21_202406_S&F_Golbasi\01_dataset\01_microtremor\202310\B\NMEA20231019211103.201.log,NMEA20231019211103.201,B,B\NMEA20231019211103.201.log,1,<cv374.log.LogHandler object at 0x0000019D907FA180>
O:\OneDrive - nagaokaut.ac.jp\01_Research\05_Papers\21_202406_S&F_Golbasi\01_dataset\01_microtremor\202310\B\NMEA20231019214616.201.log,NMEA20231019214616.201,B,B\NMEA20231019214616.201.log,1,<cv374.log.LogHandler object at 0x0000019D909707A0>
O:\OneDrive - nagaokaut.ac.jp\01_Research\05_Papers\21_202406_S&F_Golbasi\01_dataset\01_microtremor\202310\B\NMEA20231020162610.201.log,NMEA20231020162610.201,B,B\NMEA20231020162610.201.log,1,<cv374.log.LogHandler object at 0x0000019D908BE690>
O:\OneDrive - nagaokaut.ac.jp\01_Research\05_Papers\21_202406_S&F_Golbasi\01_dataset\01_microtremor\202310\B\NMEA20231020171138.201.log,NMEA20231020171138.201,B,B\NMEA20231020171138.201.log,1,<cv374.log.LogHandler object at 0x0000019D9027D880>
O:\OneDrive - nagaokaut.ac.jp\01_Research\05_Papers\21_202406_S&F_Golbasi\01_dataset\01_microtremor\202310\B\NMEA20231020173911.201.log,NMEA20231020173911.201,B,B\NMEA20231020173911.201.log,1,<cv374.log.LogHandler object at 0x0000019D90AD9820>
O:\OneDrive - nagaokaut.ac.jp\01_Research\05_Papers\21_202406_S&F_Golbasi\01_dataset\01_microtremor\202310\B\NMEA20231020181716.201.log,NMEA20231020181716.201,B,B\NMEA20231020181716.201.log,1,<cv374.log.LogHandler object at 0x0000019D909BA4E0>
O:\OneDrive - nagaokaut.ac.jp\01_Research\05_Papers\21_202406_S&F_Golbasi\01_dataset\01_microtremor\202310\B\NMEA20231020185031.201.log,NMEA20231020185031.201,B,B\NMEA20231020185031.201.log,1,<cv374.log.LogHandler object at 0x0000019D90B1B830>
O:\OneDrive - nagaokaut.ac.jp\01_Research\05_Papers\21_202406_S&F_Golbasi\01_dataset\01_microtremor\202310\B\NMEA20231020193015.201.log,NMEA20231020193015.201,B,B\NMEA20231020193015.201.log,1,<cv374.log.LogHandler object at 0x0000019D90A8F7D0>
O:\OneDrive - nagaokaut.ac.jp\01_Research\05_Papers\21_202406_S&F_Golbasi\01_dataset\01_microtremor\202310\B\NMEA20231020200645.201.log,NMEA20231020200645.201,B,B\NMEA20231020200645.201.log,1,<cv374.log.LogHandler object at 0x0000019D91CB2030>
O:\OneDrive - nagaokaut.ac.jp\01_Research\05_Papers\21_202406_S&F_Golbasi\01_dataset\01_microtremor\202310\B\NMEA20231020204815.201.log,NMEA20231020204815.201,B,B\NMEA20231020204815.201.log,1,<cv374.log.LogHandler object at 0x0000019D91C7CFE0>
O:\OneDrive - nagaokaut.ac.jp\01_Research\05_Papers\21_202406_S&F_Golbasi\01_dataset\01_microtremor\202310\B\NMEA20231020212026.201.log,NMEA20231020212026.201,B,B\NMEA20231020212026.201.log,1,<cv374.log.LogHandler object at 0x0000019D8FDD44D0>
O:\OneDrive - nagaokaut.ac.jp\01_Research\05_Papers\21_202406_S&F_Golbasi\01_dataset\01_microtremor\202310\B\NMEA20231020215239.201.log,NMEA20231020215239.201,B,B\NMEA20231020215239.201.log,1,<cv374.log.LogHandler object at 0x0000019D91D37890>
O:\OneDrive - nagaokaut.ac.jp\01_Research\05_Papers\21_202406_S&F_Golbasi\01_dataset\01_microtremor\202310\B\NMEA20231020224107.201.log,NMEA20231020224107.201,B,B\NMEA20231020224107.201.log,1,<cv374.log.LogHandler object at 0x0000019D91DF8290>
O:\OneDrive - nagaokaut.ac.jp\01_Research\05_Papers\21_202406_S&F_Golbasi\01_dataset\01_microtremor\202310\B\NMEA20231020231045.201.log,NMEA20231020231045.201,B,B\NMEA20231020231045.201.log,1,<cv374.log.LogHandler object at 0x0000019D91D994C0>
O:\OneDrive - nagaokaut.ac.jp\01_Research\05_Papers\21_202406_S&F_Golbasi\01_dataset\01_microtremor\202310\B\NMEA20231020233915.201.log,NMEA20231020233915.201,B,B\NMEA20231020233915.201.log,1,<cv374.log.LogHandler object at 0x0000019D91E4EDE0>
O:\OneDrive - nagaokaut.ac.jp\01_Research\05_Papers\21_202406_S&F_Golbasi\01_dataset\01_microtremor\202310\B\NMEA20231021000001.201.log,NMEA20231021000001.201,B,B\NMEA20231021000001.201.log,1,<cv374.log.LogHandler object at 0x0000019D91FEF8F0>
O:\OneDrive - nagaokaut.ac.jp\01_Research\05_Papers\21_202406_S&F_Golbasi\01_dataset\01_microtremor\202310\C\NMEA20231018000813.201.log,NMEA20231018000813.201,C,C\NMEA20231018000813.201.log,2,<cv374.log.LogHandler object at 0x0000019D91FCDEB0>
O:\OneDrive - nagaokaut.ac.jp\01_Research\05_Papers\21_202406_S&F_Golbasi\01_dataset\01_microtremor\202310\C\NMEA20231018165506.201.log,NMEA20231018165506.201,C,C\NMEA20231018165506.201.log,2,<cv374.log.LogHandler object at 0x0000019D92025CA0>
O:\OneDrive - nagaokaut.ac.jp\01_Research\05_Papers\21_202406_S&F_Golbasi\01_dataset\01_microtremor\202310\C\NMEA20231018173009.201.log,NMEA20231018173009.201,C,C\NMEA20231018173009.201.log,2,<cv374.log.LogHandler object at 0x0000019D91EE1010>
O:\OneDrive - nagaokaut.ac.jp\01_Research\05_Papers\21_202406_S&F_Golbasi\01_dataset\01_microtremor\202310\C\NMEA20231018175537.201.log,NMEA20231018175537.201,C,C\NMEA20231018175537.201.log,2,<cv374.log.LogHandler object at 0x0000019D920CA090>
O:\OneDrive - nagaokaut.ac.jp\01_Research\05_Papers\21_202406_S&F_Golbasi\01_dataset\01_microtremor\202310\C\NMEA20231018182245.201.log,NMEA20231018182245.201,C,C\NMEA20231018182245.201.log,2,<cv374.log.LogHandler object at 0x0000019D92220C50>
O:\OneDrive - nagaokaut.ac.jp\01_Research\05_Papers\21_202406_S&F_Golbasi\01_dataset\01_microtremor\202310\C\NMEA20231018185724.201.log,NMEA20231018185724.201,C,C\NMEA20231018185724.201.log,2,<cv374.log.LogHandler object at 0x0000019D905F3680>
O:\OneDrive - nagaokaut.ac.jp\01_Research\05_Papers\21_202406_S&F_Golbasi\01_dataset\01_microtremor\202310\C\NMEA20231018194211.201.log,NMEA20231018194211.201,C,C\NMEA20231018194211.201.log,2,<cv374.log.LogHandler object at 0x0000019D920C3320>
O:\OneDrive - nagaokaut.ac.jp\01_Research\05_Papers\21_202406_S&F_Golbasi\01_dataset\01_microtremor\202310\C\NMEA20231018201603.201.log,NMEA20231018201603.201,C,C\NMEA20231018201603.201.log,2,<cv374.log.LogHandler object at 0x0000019D921B6930>
O:\OneDrive - nagaokaut.ac.jp\01_Research\05_Papers\21_202406_S&F_Golbasi\01_dataset\01_microtremor\202310\C\NMEA20231018204831.201.log,NMEA20231018204831.201,C,C\NMEA20231018204831.201.log,2,<cv374.log.LogHandler object at 0x0000019D922E7BF0>
O:\OneDrive - nagaokaut.ac.jp\01_Research\05_Papers\21_202406_S&F_Golbasi\01_dataset\01_microtremor\202310\C\NMEA20231018212636.201.log,NMEA20231018212636.201,C,C\NMEA20231018212636.201.log,2,<cv374.log.LogHandler object at 0x0000019D924DD250>
O:\OneDrive - nagaokaut.ac.jp\01_Research\05_Papers\21_202406_S&F_Golbasi\01_dataset\01_microtremor\202310\C\NMEA20231018220256.201.log,NMEA20231018220256.201,C,C\NMEA20231018220256.201.log,2,<cv374.log.LogHandler object at 0x0000019D923815B0>
O:\OneDrive - nagaokaut.ac.jp\01_Research\05_Papers\21_202406_S&F_Golbasi\01_dataset\01_microtremor\202310\C\NMEA20231018223143.201.log,NMEA20231018223143.201,C,C\NMEA20231018223143.201.log,2,<cv374.log.LogHandler object at 0x0000019D923277A0>
O:\OneDrive - nagaokaut.ac.jp\01_Research\05_Papers\21_202406_S&F_Golbasi\01_dataset\01_microtremor\202310\C\NMEA20231018230213.201.log,NMEA20231018230213.201,C,C\NMEA20231018230213.201.log,2,<cv374.log.LogHandler object at 0x0000019D9239E5A0>
O:\OneDrive - nagaokaut.ac.jp\01_Research\05_Papers\21_202406_S&F_Golbasi\01_dataset\01_microtremor\202310\C\NMEA20231019173637.201.log,NMEA20231019173637.201,C,C\NMEA20231019173637.201.log,2,<cv374.log.LogHandler object at 0x0000019D925B6B10>
O:\OneDrive - nagaokaut.ac.jp\01_Research\05_Papers\21_202406_S&F_Golbasi\01_dataset\01_microtremor\202310\C\NMEA20231019194039.201.log,NMEA20231019194039.201,C,C\NMEA20231019194039.201.log,2,<cv374.log.LogHandler object at 0x0000019D926CA4E0>
O:\OneDrive - nagaokaut.ac.jp\01_Research\05_Papers\21_202406_S&F_Golbasi\01_dataset\01_microtremor\202310\C\NMEA20231019201715.201.log,NMEA20231019201715.201,C,C\NMEA20231019201715.201.log,2,<cv374.log.LogHandler object at 0x0000019D926E7290>
O:\OneDrive - nagaokaut.ac.jp\01_Research\05_Papers\21_202406_S&F_Golbasi\01_dataset\01_microtremor\202310\C\NMEA20231019205227.201.log,NMEA20231019205227.201,C,C\NMEA20231019205227.201.log,2,<cv374.log.LogHandler object at 0x0000019D92678680>
O:\OneDrive - nagaokaut.ac.jp\01_Research\05_Papers\21_202406_S&F_Golbasi\01_dataset\01_microtremor\202310\C\NMEA20231019212840.201.log,NMEA20231019212840.201,C,C\NMEA20231019212840.201.log,2,<cv374.log.LogHandler object at 0x0000019D9277BB60>
O:\OneDrive - nagaokaut.ac.jp\01_Research\05_Papers\21_202406_S&F_Golbasi\01_dataset\01_microtremor\202310\C\NMEA20231019220644.201.log,NMEA20231019220644.201,C,C\NMEA20231019220644.201.log,2,<cv374.log.LogHandler object at 0x0000019D9267DFD0>
O:\OneDrive - nagaokaut.ac.jp\01_Research\05_Papers\21_202406_S&F_Golbasi\01_dataset\01_microtremor\202310\C\NMEA20231020172613.201.log,NMEA20231020172613.201,C,C\NMEA20231020172613.201.log,2,<cv374.log.LogHandler object at 0x0000019D9291B470>
O:\OneDrive - nagaokaut.ac.jp\01_Research\05_Papers\21_202406_S&F_Golbasi\01_dataset\01_microtremor\202310\C\NMEA20231020180209.201.log,NMEA20231020180209.201,C,C\NMEA20231020180209.201.log,2,<cv374.log.LogHandler object at 0x0000019D92329700>
O:\OneDrive - nagaokaut.ac.jp\01_Research\05_Papers\21_202406_S&F_Golbasi\01_dataset\01_microtremor\202310\C\NMEA20231020183545.201.log,NMEA20231020183545.201,C,C\NMEA20231020183545.201.log,2,<cv374.log.LogHandler object at 0x0000019D92AA6720>
O:\OneDrive - nagaokaut.ac.jp\01_Research\05_Papers\21_202406_S&F_Golbasi\01_dataset\01_microtremor\202310\C\NMEA20231020200158.201.log,NMEA20231020200158.201,C,C\NMEA20231020200158.201.log,2,<cv374.log.LogHandler object at 0x0000019D9298A300>
O:\OneDrive - nagaokaut.ac.jp\01_Research\05_Papers\21_202406_S&F_Golbasi\01_dataset\01_microtremor\202310\C\NMEA20231020204909.201.log,NMEA20231020204909.201,C,C\NMEA20231020204909.201.log,2,<cv374.log.LogHandler object at 0x0000019D92AFD1C0>
O:\OneDrive - nagaokaut.ac.jp\01_Research\05_Papers\21_202406_S&F_Golbasi\01_dataset\01_microtremor\202310\C\NMEA20231020214745.201.log,NMEA20231020214745.201,C,C\NMEA20231020214745.201.log,2,<cv374.log.LogHandler object at 0x0000019D929E9A90>
O:\OneDrive - nagaokaut.ac.jp\01_Research\05_Papers\21_202406_S&F_Golbasi\01_dataset\01_microtremor\202310\C\NMEA20231020223009.201.log,NMEA20231020223009.201,C,C\NMEA20231020223009.201.log,2,<cv374.log.LogHandler object at 0x0000019D92B25FA0>
O:\OneDrive - nagaokaut.ac.jp\01_Research\05_Papers\21_202406_S&F_Golbasi\01_dataset\01_microtremor\202310\C\NMEA20231020231737.201.log,NMEA20231020231737.201,C,C\NMEA20231020231737.201.log,2,<cv374.log.LogHandler object at 0x0000019D92C20B00>
O:\OneDrive - nagaokaut.ac.jp\01_Research\05_Papers\21_202406_S&F_Golbasi\01_dataset\01_microtremor\202310\D\NMEA20231018000643.200.log,NMEA20231018000643.200,D,D\NMEA20231018000643.200.log,3,<cv374.log.LogHandler object at 0x0000019D92D7A360>
O:\OneDrive - nagaokaut.ac.jp\01_Research\05_Papers\21_202406_S&F_Golbasi\01_dataset\01_microtremor\202310\D\NMEA20231018165301.200.log,NMEA20231018165301.200,D,D\NMEA20231018165301.200.log,3,<cv374.log.LogHandler object at 0x0000019D92BF0260>
O:\OneDrive - nagaokaut.ac.jp\01_Research\05_Papers\21_202406_S&F_Golbasi\01_dataset\01_microtremor\202310\D\NMEA20231018172338.200.log,NMEA20231018172338.200,D,D\NMEA20231018172338.200.log,3,<cv374.log.LogHandler object at 0x0000019D92CE2660>
O:\OneDrive - nagaokaut.ac.jp\01_Research\05_Papers\21_202406_S&F_Golbasi\01_dataset\01_microtremor\202310\D\NMEA20231018175754.200.log,NMEA20231018175754.200,D,D\NMEA20231018175754.200.log,3,<cv374.log.LogHandler object at 0x0000019D92C8FF80>
O:\OneDrive - nagaokaut.ac.jp\01_Research\05_Papers\21_202406_S&F_Golbasi\01_dataset\01_microtremor\202310\D\NMEA20231018202627.200.log,NMEA20231018202627.200,D,D\NMEA20231018202627.200.log,3,<cv374.log.LogHandler object at 0x0000019D907293A0>
O:\OneDrive - nagaokaut.ac.jp\01_Research\05_Papers\21_202406_S&F_Golbasi\01_dataset\01_microtremor\202310\D\NMEA20231018205543.200.log,NMEA20231018205543.200,D,D\NMEA20231018205543.200.log,3,<cv374.log.LogHandler object at 0x0000019D92E46540>
O:\OneDrive - nagaokaut.ac.jp\01_Research\05_Papers\21_202406_S&F_Golbasi\01_dataset\01_microtremor\202310\D\NMEA20231018213213.200.log,NMEA20231018213213.200,D,D\NMEA20231018213213.200.log,3,<cv374.log.LogHandler object at 0x0000019D92495340>
O:\OneDrive - nagaokaut.ac.jp\01_Research\05_Papers\21_202406_S&F_Golbasi\01_dataset\01_microtremor\202310\D\NMEA20231018221033.200.log,NMEA20231018221033.200,D,D\NMEA20231018221033.200.log,3,<cv374.log.LogHandler object at 0x0000019D93195130>
O:\OneDrive - nagaokaut.ac.jp\01_Research\05_Papers\21_202406_S&F_Golbasi\01_dataset\01_microtremor\202310\D\NMEA20231018224145.200.log,NMEA20231018224145.200,D,D\NMEA20231018224145.200.log,3,<cv374.log.LogHandler object at 0x0000019D9311C200>
O:\OneDrive - nagaokaut.ac.jp\01_Research\05_Papers\21_202406_S&F_Golbasi\01_dataset\01_microtremor\202310\D\NMEA20231019173907.200.log,NMEA20231019173907.200,D,D\NMEA20231019173907.200.log,3,<cv374.log.LogHandler object at 0x0000019D932386E0>
O:\OneDrive - nagaokaut.ac.jp\01_Research\05_Papers\21_202406_S&F_Golbasi\01_dataset\01_microtremor\202310\D\NMEA20231019192645.200.log,NMEA20231019192645.200,D,D\NMEA20231019192645.200.log,3,<cv374.log.LogHandler object at 0x0000019D930F46E0>
O:\OneDrive - nagaokaut.ac.jp\01_Research\05_Papers\21_202406_S&F_Golbasi\01_dataset\01_microtremor\202310\D\NMEA20231019200404.200.log,NMEA20231019200404.200,D,D\NMEA20231019200404.200.log,3,<cv374.log.LogHandler object at 0x0000019D932C3D70>
O:\OneDrive - nagaokaut.ac.jp\01_Research\05_Papers\21_202406_S&F_Golbasi\01_dataset\01_microtremor\202310\D\NMEA20231019203726.200.log,NMEA20231019203726.200,D,D\NMEA20231019203726.200.log,3,<cv374.log.LogHandler object at 0x0000019D932CAE10>
O:\OneDrive - nagaokaut.ac.jp\01_Research\05_Papers\21_202406_S&F_Golbasi\01_dataset\01_microtremor\202310\D\NMEA20231019212145.200.log,NMEA20231019212145.200,D,D\NMEA20231019212145.200.log,3,<cv374.log.LogHandler object at 0x0000019D928563F0>
O:\OneDrive - nagaokaut.ac.jp\01_Research\05_Papers\21_202406_S&F_Golbasi\01_dataset\01_microtremor\202310\D\NMEA20231019215213.200.log,NMEA20231019215213.200,D,D\NMEA20231019215213.200.log,3,<cv374.log.LogHandler object at 0x0000019D93291D00>
O:\OneDrive - nagaokaut.ac.jp\01_Research\05_Papers\21_202406_S&F_Golbasi\01_dataset\01_microtremor\202310\D\NMEA20231020163438.200.log,NMEA20231020163438.200,D,D\NMEA20231020163438.200.log,3,<cv374.log.LogHandler object at 0x0000019D9337AD80>
O:\OneDrive - nagaokaut.ac.jp\01_Research\05_Papers\21_202406_S&F_Golbasi\01_dataset\01_microtremor\202310\D\NMEA20231020171206.200.log,NMEA20231020171206.200,D,D\NMEA20231020171206.200.log,3,<cv374.log.LogHandler object at 0x0000019D933980E0>
O:\OneDrive - nagaokaut.ac.jp\01_Research\05_Papers\21_202406_S&F_Golbasi\01_dataset\01_microtremor\202310\D\NMEA20231020173856.200.log,NMEA20231020173856.200,D,D\NMEA20231020173856.200.log,3,<cv374.log.LogHandler object at 0x0000019D935D35F0>
O:\OneDrive - nagaokaut.ac.jp\01_Research\05_Papers\21_202406_S&F_Golbasi\01_dataset\01_microtremor\202310\D\NMEA20231020181145.200.log,NMEA20231020181145.200,D,D\NMEA20231020181145.200.log,3,<cv374.log.LogHandler object at 0x0000019D9354B800>
O:\OneDrive - nagaokaut.ac.jp\01_Research\05_Papers\21_202406_S&F_Golbasi\01_dataset\01_microtremor\202310\D\NMEA20231020184031.200.log,NMEA20231020184031.200,D,D\NMEA20231020184031.200.log,3,<cv374.log.LogHandler object at 0x0000019D9364A0F0>
O:\OneDrive - nagaokaut.ac.jp\01_Research\05_Papers\21_202406_S&F_Golbasi\01_dataset\01_microtremor\202310\D\NMEA20231020193309.200.log,NMEA20231020193309.200,D,D\NMEA20231020193309.200.log,3,<cv374.log.LogHandler object at 0x0000019D9371A750>
O:\OneDrive - nagaokaut.ac.jp\01_Research\05_Papers\21_202406_S&F_Golbasi\01_dataset\01_microtremor\202310\D\NMEA20231020201003.200.log,NMEA20231020201003.200,D,D\NMEA20231020201003.200.log,3,<cv374.log.LogHandler object at 0x0000019D93717B90>
O:\OneDrive - nagaokaut.ac.jp\01_Research\05_Papers\21_202406_S&F_Golbasi\01_dataset\01_microtremor\202310\D\NMEA20231020204407.200.log,NMEA20231020204407.200,D,D\NMEA20231020204407.200.log,3,<cv374.log.LogHandler object at 0x0000019D936CBB00>
O:\OneDrive - nagaokaut.ac.jp\01_Research\05_Papers\21_202406_S&F_Golbasi\01_dataset\01_microtremor\202310\D\NMEA20231020211930.200.log,NMEA20231020211930.200,D,D\NMEA20231020211930.200.log,3,<cv374.log.LogHandler object at 0x0000019D93761760>
O:\OneDrive - nagaokaut.ac.jp\01_Research\05_Papers\21_202406_S&F_Golbasi\01_dataset\01_microtremor\202310\D\NMEA20231020214545.200.log,NMEA20231020214545.200,D,D\NMEA20231020214545.200.log,3,<cv374.log.LogHandler object at 0x0000019D93946360>
O:\OneDrive - nagaokaut.ac.jp\01_Research\05_Papers\21_202406_S&F_Golbasi\01_dataset\01_microtremor\202310\D\NMEA20231020221433.200.log,NMEA20231020221433.200,D,D\NMEA20231020221433.200.log,3,<cv374.log.LogHandler object at 0x0000019D9350AED0>
O:\OneDrive - nagaokaut.ac.jp\01_Research\05_Papers\21_202406_S&F_Golbasi\01_dataset\01_microtremor\202310\D\NMEA20231020224837.200.log,NMEA20231020224837.200,D,D\NMEA20231020224837.200.log,3,<cv374.log.LogHandler object at 0x0000019D93A4B440>
